train_size,metric,growth_factor,test_set,run,accuracy,error_rate,error_rate__baseline__aug,accuracy__baseline__aug,error_rate__baseline__test,accuracy__baseline__test,error_rate__baseline__gen,accuracy__baseline__gen,error_rate__delta_abs__aug,error_rate__delta_rel__aug,accuracy__delta_abs__aug,accuracy__delta_rel__aug,error_rate__delta_abs__test,error_rate__delta_rel__test,accuracy__delta_abs__test,accuracy__delta_rel__test,error_rate__delta_abs__gen,error_rate__delta_rel__gen,accuracy__delta_abs__gen,accuracy__delta_rel__gen
0.1,wer,-1.0,dev-clean,final,6.8125,93.1875,93.6525,6.3474999999999975,93.3825,6.6175000000000015,92.9,7.1,-0.4650000000000034,-0.0049651637703211704,0.4650000000000025,0.07325718786924028,-0.19499999999999318,-0.0020881856878964817,0.1949999999999985,0.029467321496033014,0.2874999999999943,0.0030947255113024145,-0.28749999999999964,-0.040492957746478826
0.1,wer,-1.0,ood,final,6.177991886409745,93.82200811359026,94.84810682893844,5.151893171061563,93.3825,6.6175000000000015,92.9,7.1,-1.0260987153481835,-0.010818336281595847,1.0260987153481818,0.19916925318091389,0.4395081135902643,0.004706536166736427,-0.4395081135902563,-0.06641603529886758,0.9220081135902518,0.009924737498280429,-0.9220081135902545,-0.12986029768876825
0.1,wer,-1.0,test-clean,final,7.1,92.9,93.3825,6.6175000000000015,93.3825,6.6175000000000015,92.9,7.1,-0.4824999999999875,-0.005166920996974674,0.48249999999999815,0.07291273139403068,-0.4824999999999875,-0.005166920996974674,0.48249999999999815,0.07291273139403068,0.0,0.0,0.0,0.0
0.1,wer,0.0,dev-clean,final,6.3474999999999975,93.6525,93.6525,6.3474999999999975,93.3825,6.6175000000000015,93.3825,6.6175000000000015,0.0,0.0,0.0,0.0,0.27000000000001023,0.002891334029395339,-0.270000000000004,-0.04080090668681586,0.27000000000001023,0.002891334029395339,-0.270000000000004,-0.04080090668681586
0.1,wer,0.0,ood,final,5.151893171061563,94.84810682893844,94.84810682893844,5.151893171061563,93.3825,6.6175000000000015,93.3825,6.6175000000000015,0.0,0.0,0.0,0.0,1.4656068289384478,0.015694662586013954,-1.465606828938438,-0.22147439802620894,1.4656068289384478,0.015694662586013954,-1.465606828938438,-0.22147439802620894
0.1,wer,0.0,test-clean,final,6.6175000000000015,93.3825,93.3825,6.6175000000000015,93.3825,6.6175000000000015,93.3825,6.6175000000000015,0.0,0.0,0.0,0.0,0.0,0.0,0.0,0.0,0.0,0.0,0.0,0.0
0.1,wer,0.5,dev-clean,final,6.4525000000000015,93.5475,93.6525,6.3474999999999975,93.3825,6.6175000000000015,93.2925,6.7075000000000005,-0.10500000000000398,-0.0011211660126532017,0.10500000000000398,0.016541945647893505,0.16500000000000625,0.0017669263512971516,-0.16500000000000004,-0.024933887419720437,0.25499999999999545,0.0027333386928209175,-0.254999999999999,-0.03801714498695475
0.1,wer,0.5,ood,final,5.6036511156187,94.3963488843813,94.84810682893844,5.151893171061563,93.3825,6.6175000000000015,93.2925,6.7075000000000005,-0.45175794455714424,-0.004762962168258182,0.45175794455713625,0.08768775468689506,1.0138488843813036,0.01085694733361501,-1.0138488843813018,-0.15320723602286387,1.1038488843812928,0.011832128889045666,-1.1038488843813008,-0.16456934541651894
0.1,wer,0.5,test-clean,final,6.7075000000000005,93.2925,93.3825,6.6175000000000015,93.3825,6.6175000000000015,93.2925,6.7075000000000005,-0.0899999999999892,-0.0009637780097982942,0.08999999999999897,0.013600302228938262,-0.0899999999999892,-0.0009637780097982942,0.08999999999999897,0.013600302228938262,0.0,0.0,0.0,0.0
0.1,wer,1.0,dev-clean,final,6.529999999999999,93.47,93.6525,6.3474999999999975,93.3825,6.6175000000000015,93.215,6.785000000000001,-0.18250000000000455,-0.0019486933077067301,0.18250000000000188,0.028751476959433156,0.08750000000000568,0.0009370063984151816,-0.08750000000000213,-0.013222516055912672,0.25499999999999545,0.002735611221369902,-0.25500000000000167,-0.037582903463522714
0.1,wer,1.0,ood,final,5.142596348884415,94.85740365111559,94.84810682893844,5.151893171061563,93.3825,6.6175000000000015,93.215,6.785000000000001,0.009296822177148556,9.801800465997353e-05,-0.009296822177148556,-0.0018045448281748663,1.4749036511155964,0.01579421895018442,-1.4749036511155866,-0.2228792823748525,1.6424036511155862,0.017619521011806964,-1.6424036511155862,-0.2420639132078977
0.1,wer,1.0,test-clean,final,6.785000000000001,93.215,93.3825,6.6175000000000015,93.3825,6.6175000000000015,93.215,6.785000000000001,-0.16749999999998977,-0.0017936979626802642,0.16749999999999954,0.02531167359274643,-0.16749999999998977,-0.0017936979626802642,0.16749999999999954,0.02531167359274643,0.0,0.0,0.0,0.0
0.1,wer,2.0,dev-clean,final,6.3199999999999985,93.68,93.6525,6.3474999999999975,93.3825,6.6175000000000015,93.3825,6.6175000000000015,0.02750000000000341,0.00029363871759967335,-0.02749999999999897,-0.0043324143363527344,0.29750000000001364,0.0031858217546115565,-0.297500000000003,-0.04495655459010244,0.29750000000001364,0.0031858217546115565,-0.297500000000003,-0.04495655459010244
0.1,wer,2.0,ood,final,4.944421906693749,95.05557809330625,94.84810682893844,5.151893171061563,93.3825,6.6175000000000015,93.3825,6.6175000000000015,0.20747126436781116,0.0021874054349022712,-0.2074712643678147,-0.040270878583661435,1.673078093306259,0.017916398611155827,-1.6730780933062528,-0.25282630801756745,1.673078093306259,0.017916398611155827,-1.6730780933062528,-0.25282630801756745
0.1,wer,2.0,test-clean,final,6.6175000000000015,93.3825,93.3825,6.6175000000000015,93.3825,6.6175000000000015,93.3825,6.6175000000000015,0.0,0.0,0.0,0.0,0.0,0.0,0.0,0.0,0.0,0.0,0.0,0.0
0.1,wer,8.0,dev-clean,final,9.0325,90.9675,93.6525,6.3474999999999975,93.3825,6.6175000000000015,90.6525,9.3475,-2.6850000000000023,-0.028669816609273667,2.685000000000003,0.42300118156754696,-2.414999999999992,-0.025861376596257247,2.414999999999999,0.3649414431431807,0.3149999999999977,0.003474807644576793,-0.3149999999999995,-0.03369884995988227
0.1,wer,8.0,ood,final,7.426707234617949,92.57329276538205,94.84810682893844,5.151893171061563,93.3825,6.6175000000000015,90.6525,9.3475,-2.2748140635563914,-0.023983758238412606,2.274814063556385,0.4415491525201119,-0.8092072346179435,-0.008665512645495073,0.8092072346179471,0.12228292174052843,1.9207927653820462,0.021188525031102797,-1.9207927653820516,-0.2054873244591657
0.1,wer,8.0,test-clean,final,9.3475,90.6525,93.3825,6.6175000000000015,93.3825,6.6175000000000015,90.6525,9.3475,-2.7299999999999898,-0.029234599630551656,2.7299999999999986,0.41254250094446515,-2.7299999999999898,-0.029234599630551656,2.7299999999999986,0.41254250094446515,0.0,0.0,0.0,0.0
1.0,wer,-1.0,dev-clean,final,8.892499999999998,91.1075,87.72749999999999,12.2725,87.26,12.74,90.8325,9.1675,3.3800000000000097,0.038528397594825,-3.3800000000000026,-0.2754125076390305,3.8474999999999966,0.044092367636947016,-3.847500000000002,-0.30200156985871285,0.2750000000000057,0.00302755071147448,-0.27500000000000213,-0.029997272975184307
1.0,wer,-1.0,ood,final,7.070283975659204,92.92971602434079,91.16098715348215,8.839012846517845,87.26,12.74,90.8325,9.1675,1.768728870858638,0.019402256667983835,-1.7687288708586406,-0.20010479694635092,5.6697160243407865,0.06497497162893406,-5.669716024340796,-0.44503265497180505,2.0972160243407956,0.02308882860584918,-2.0972160243407965,-0.22876640570938603
1.0,wer,-1.0,test-clean,final,9.1675,90.8325,87.26,12.74,87.26,12.74,90.8325,9.1675,3.572499999999991,0.040940866376346446,-3.5725,-0.28041601255886967,3.572499999999991,0.040940866376346446,-3.5725,-0.28041601255886967,0.0,0.0,0.0,0.0
1.0,wer,0.0,dev-clean,final,12.2725,87.72749999999999,87.72749999999999,12.2725,87.26,12.74,87.26,12.74,0.0,0.0,0.0,0.0,0.4674999999999869,0.005357552143020707,-0.46749999999999936,-0.03669544740973307,0.4674999999999869,0.005357552143020707,-0.46749999999999936,-0.03669544740973307
1.0,wer,0.0,ood,final,8.839012846517845,91.16098715348215,91.16098715348215,8.839012846517845,87.26,12.74,87.26,12.74,0.0,0.0,0.0,0.0,3.9009871534821485,0.044705330661037684,-3.9009871534821556,-0.30619993355432934,3.9009871534821485,0.044705330661037684,-3.9009871534821556,-0.30619993355432934
1.0,wer,0.0,test-clean,final,12.74,87.26,87.26,12.74,87.26,12.74,87.26,12.74,0.0,0.0,0.0,0.0,0.0,0.0,0.0,0.0,0.0,0.0,0.0,0.0
1.0,wer,0.5,dev-clean,final,8.360000000000001,91.64,87.72749999999999,12.2725,87.26,12.74,91.1925,8.8075,3.9125000000000085,0.044598330056139855,-3.9124999999999996,-0.31880220004074145,4.3799999999999955,0.05019482007792798,-4.379999999999999,-0.3437990580847723,0.4475000000000051,0.004907201798393565,-0.447499999999998,-0.0508089696281576
1.0,wer,0.5,ood,final,6.397160243407718,93.60283975659229,91.16098715348215,8.839012846517845,87.26,12.74,91.1925,8.8075,2.441852603110135,0.026786157975658358,-2.441852603110126,-0.27625851953276676,6.342839756592284,0.07268897268613664,-6.342839756592282,-0.4978681127623455,2.4103397565922933,0.026431337627461617,-2.410339756592281,-0.2736690044385218
1.0,wer,0.5,test-clean,final,8.8075,91.1925,87.26,12.74,87.26,12.74,91.1925,8.8075,3.9324999999999903,0.0450664680265871,-3.932500000000001,-0.3086734693877552,3.9324999999999903,0.0450664680265871,-3.932500000000001,-0.3086734693877552,0.0,0.0,0.0,0.0
1.0,wer,1.0,dev-clean,final,5.319999999999999,94.68,87.72749999999999,12.2725,87.26,12.74,94.785,5.215000000000002,6.952500000000015,0.07925109002308302,-6.9525000000000015,-0.5665104909350174,7.420000000000002,0.08503323401329362,-7.420000000000001,-0.5824175824175825,-0.10499999999998977,-0.0011077702168063488,0.10499999999999776,0.020134228187919028
1.0,wer,1.0,ood,final,4.751081812035178,95.24891818796482,91.16098715348215,8.839012846517845,87.26,12.74,94.785,5.215000000000002,4.087931034482665,0.0448429877969626,-4.087931034482667,-0.4624872828523062,7.9889181879648135,0.09155303905529238,-7.988918187964822,-0.627073641127537,0.463918187964822,0.0048944262063071375,-0.46391818796482376,-0.08895842530485591
1.0,wer,1.0,test-clean,final,5.215000000000002,94.785,87.26,12.74,87.26,12.74,94.785,5.215000000000002,7.5249999999999915,0.0862365344946137,-7.524999999999999,-0.5906593406593406,7.5249999999999915,0.0862365344946137,-7.524999999999999,-0.5906593406593406,0.0,0.0,0.0,0.0
1.0,wer,2.0,dev-clean,final,10.552500000000002,89.44749999999999,87.72749999999999,12.2725,87.26,12.74,88.85249999999999,11.1475,1.7199999999999989,0.019606166823402,-1.7199999999999989,-0.14015074353228754,2.187499999999986,0.025068760027503845,-2.1874999999999982,-0.17170329670329657,0.5949999999999989,0.006696491376157102,-0.5949999999999989,-0.05337519623233898
1.0,wer,2.0,ood,final,8.428228532792367,91.57177146720764,91.16098715348215,8.839012846517845,87.26,12.74,88.85249999999999,11.1475,0.41078431372548607,0.004506141569461877,-0.4107843137254772,-0.04647400347283202,4.311771467207635,0.0494129207793678,-4.311771467207633,-0.3384436002517765,2.7192714672076477,0.030604332654766583,-2.7192714672076335,-0.2439355431448875
1.0,wer,2.0,test-clean,final,11.1475,88.85249999999999,87.26,12.74,87.26,12.74,88.85249999999999,11.1475,1.592499999999987,0.01825005730002277,-1.5924999999999994,-0.12499999999999994,1.592499999999987,0.01825005730002277,-1.5924999999999994,-0.12499999999999994,0.0,0.0,0.0,0.0
1.0,wer,8.0,dev-clean,final,10.5375,89.4625,87.72749999999999,12.2725,87.26,12.74,88.7825,11.217499999999998,1.7350000000000136,0.019777150836396955,-1.7350000000000012,-0.14137298838867396,2.2025000000000006,0.025240660096264043,-2.2025000000000006,-0.17288069073783363,0.6800000000000068,0.007659167065581695,-0.6799999999999979,-0.06061956763984828
1.0,wer,8.0,ood,final,8.083569979715987,91.91643002028401,91.16098715348215,8.839012846517845,87.26,12.74,88.7825,11.217499999999998,0.7554428668018573,0.008286909679136806,-0.7554428668018573,-0.08546688187012494,4.656430020284006,0.05336270937753845,-4.656430020284013,-0.3654968618747263,3.133930020284012,0.03529896117234829,-3.1339300202840104,-0.2793786512399386
1.0,wer,8.0,test-clean,final,11.217499999999998,88.7825,87.26,12.74,87.26,12.74,88.7825,11.217499999999998,1.5224999999999937,0.01744785697914272,-1.5225000000000026,-0.1195054945054947,1.5224999999999937,0.01744785697914272,-1.5225000000000026,-0.1195054945054947,0.0,0.0,0.0,0.0
10.0,wer,-1.0,dev-clean,final,1.9425,98.0575,41.72249999999999,58.27750000000001,40.37,59.63,97.8225,2.1775,56.335000000000015,1.3502306908742292,-56.33500000000001,-0.9666680966067521,57.68750000000001,1.4289695318305675,-57.6875,-0.9674241153781653,0.23499999999999943,0.0024023103069334703,-0.23500000000000032,-0.10792192881745134
10.0,wer,-1.0,ood,final,1.508350236646382,98.49164976335362,74.8865111561866,25.1134888438134,40.37,59.63,97.8225,2.1775,23.60513860716702,0.3152121556034986,-23.605138607167017,-0.9399386422958927,58.12164976335362,1.4397237989436122,-58.12164976335362,-0.9747048425851689,0.6691497633536159,0.0068404483973893105,-0.6691497633536183,-0.30730184310154685
10.0,wer,-1.0,test-clean,final,2.1775,97.8225,40.37,59.63,40.37,59.63,97.8225,2.1775,57.45250000000001,1.423148377508051,-57.4525,-0.9634831460674157,57.45250000000001,1.423148377508051,-57.4525,-0.9634831460674157,0.0,0.0,0.0,0.0
10.0,wer,0.0,dev-clean,final,58.27750000000001,41.72249999999999,41.72249999999999,58.27750000000001,40.37,59.63,40.37,59.63,0.0,0.0,0.0,0.0,1.352499999999992,0.03350260094129284,-1.352499999999992,-0.022681536139526948,1.352499999999992,0.03350260094129284,-1.352499999999992,-0.022681536139526948
10.0,wer,0.0,dev-clean,extended,58.52750000000001,41.47249999999999,41.72249999999999,58.27750000000001,40.37,59.63,40.37,59.63,-0.25,-0.005991970759182697,0.25,0.004289820256531251,1.102499999999992,0.027309883576913354,-1.102499999999992,-0.018489015596176286,1.102499999999992,0.027309883576913354,-1.102499999999992,-0.018489015596176286
10.0,wer,0.0,ood,final,25.1134888438134,74.8865111561866,74.8865111561866,25.1134888438134,40.37,59.63,40.37,59.63,0.0,0.0,0.0,0.0,34.5165111561866,0.8550039919788607,-34.5165111561866,-0.5788447284284186,34.5165111561866,0.8550039919788607,-34.5165111561866,-0.5788447284284186
10.0,wer,0.0,ood,extended,22.60469912102776,77.39530087897224,74.8865111561866,25.1134888438134,40.37,59.63,40.37,59.63,2.508789722785636,0.0335012231715962,-2.5087897227856395,-0.09989809613424815,37.02530087897224,0.9171488946983464,-37.025300878972246,-0.6209173382353219,37.02530087897224,0.9171488946983464,-37.025300878972246,-0.6209173382353219
10.0,wer,0.0,test-clean,extended,59.40500000000001,40.59499999999999,40.37,59.63,40.37,59.63,40.37,59.63,0.22499999999999432,0.0055734456279414,-0.22499999999999432,-0.0037732684890155006,0.22499999999999432,0.0055734456279414,-0.22499999999999432,-0.0037732684890155006,0.22499999999999432,0.0055734456279414,-0.22499999999999432,-0.0037732684890155006
10.0,wer,0.0,test-clean,final,59.63,40.37,40.37,59.63,40.37,59.63,40.37,59.63,0.0,0.0,0.0,0.0,0.0,0.0,0.0,0.0,0.0,0.0,0.0,0.0
10.0,wer,0.5,dev-clean,final,61.80000000000001,38.19999999999999,41.72249999999999,58.27750000000001,40.37,59.63,37.26999999999998,62.73000000000002,-3.522500000000001,-0.08442686799688422,3.522500000000001,0.060443567414525334,-2.170000000000009,-0.053752786722814194,2.170000000000009,0.036391078316283895,0.9300000000000068,0.02495304534478152,-0.9300000000000068,-0.014825442372070884
10.0,wer,0.5,ood,final,27.25554428668024,72.74445571331975,74.8865111561866,25.1134888438134,40.37,59.63,37.26999999999998,62.73000000000002,-2.142055442866848,-0.02860402240397183,2.142055442866841,0.08529501640288928,32.374455713319755,0.8019434162328402,-32.37445571331976,-0.5429222826315573,35.47445571331977,0.9518233354794684,-35.47445571331978,-0.5655102138262357
10.0,wer,0.5,test-clean,final,62.73000000000002,37.26999999999998,40.37,59.63,40.37,59.63,37.26999999999998,62.73000000000002,-3.1000000000000156,-0.07678969531830607,3.1000000000000156,0.05198725473754848,-3.1000000000000156,-0.07678969531830607,3.1000000000000156,0.05198725473754848,0.0,0.0,0.0,0.0
10.0,wer,1.0,dev-clean,final,63.82499999999999,36.17500000000001,41.72249999999999,58.27750000000001,40.37,59.63,35.3575,64.6425,-5.547499999999978,-0.1329618311462635,5.547499999999978,0.09519111149242808,-4.194999999999986,-0.1039137973742875,4.194999999999986,0.07035049471742388,0.8175000000000097,0.02312097857597425,-0.8175000000000097,-0.012646478709827276
10.0,wer,1.0,dev-clean,extended,65.39750000000001,34.60249999999999,41.72249999999999,58.27750000000001,40.37,59.63,35.3575,64.6425,-7.119999999999997,-0.17065132722152315,7.119999999999997,0.12217408090600997,-5.767500000000005,-0.14286598959623498,5.767500000000005,0.09672144893509987,-0.7550000000000097,-0.021353319663438015,0.7550000000000097,0.011679622539351196
10.0,wer,1.0,ood,final,27.547227856659962,72.45277214334004,74.8865111561866,25.1134888438134,40.37,59.63,35.3575,64.6425,-2.4337390128465586,-0.03249903053662956,2.433739012846562,0.09690963402108518,32.082772143340044,0.79471816059797,-32.08277214334004,-0.5380307251943659,37.09527214334004,1.0491486146741156,-37.09527214334004,-0.5738526842764442
10.0,wer,1.0,ood,extended,28.14448951994593,71.85551048005406,74.8865111561866,25.1134888438134,40.37,59.63,35.3575,64.6425,-3.0310006761325354,-0.04047458787085096,3.031000676132532,0.12069213859464237,31.485510480054067,0.7799234699047329,-31.48551048005407,-0.5280145980220371,36.49801048005406,1.0322565362385367,-36.49801048005406,-0.5646132262838545
10.0,wer,1.0,test-clean,final,64.6425,35.3575,40.37,59.63,40.37,59.63,35.3575,64.6425,-5.012499999999996,-0.12416398315580868,5.012499999999996,0.0840600368941807,-5.012499999999996,-0.12416398315580868,5.012499999999996,0.0840600368941807,0.0,0.0,0.0,0.0
10.0,wer,1.0,test-clean,extended,65.88250000000001,34.11749999999999,40.37,59.63,40.37,59.63,35.3575,64.6425,-6.252500000000005,-0.15487986128313116,6.252500000000005,0.10485493878920014,-6.252500000000005,-0.15487986128313116,6.252500000000005,0.10485493878920014,-1.240000000000009,-0.035070352824719195,1.240000000000009,0.019182426422245567
10.0,wer,2.0,dev-clean,final,29.095,70.905,41.72249999999999,58.27750000000001,40.37,59.63,70.19250000000001,29.807499999999994,29.18250000000001,0.6994427467193964,-29.18250000000001,-0.5007507185448931,30.535000000000004,0.7563784988853111,-30.535000000000004,-0.51207445916485,0.7124999999999915,0.010150657121487215,-0.712499999999995,-0.02390338002180643
10.0,wer,2.0,ood,final,14.861359026369135,85.13864097363087,74.8865111561866,25.1134888438134,40.37,59.63,70.19250000000001,29.807499999999994,10.25212981744427,0.1369022225653159,-10.252129817444265,-0.4082320015830789,44.76864097363087,1.1089581613483002,-44.768640973630866,-0.7507737879193503,14.946140973630861,0.21293074008805582,-14.94614097363086,-0.5014221579679901
10.0,wer,2.0,test-clean,final,29.807499999999994,70.19250000000001,40.37,59.63,40.37,59.63,70.19250000000001,29.807499999999994,29.822500000000012,0.7387292543968297,-29.82250000000001,-0.5001257756163007,29.822500000000012,0.7387292543968297,-29.82250000000001,-0.5001257756163007,0.0,0.0,0.0,0.0
10.0,wer,8.0,dev-clean,final,4.5325000000000015,95.4675,41.72249999999999,58.27750000000001,40.37,59.63,95.795,4.204999999999999,53.74500000000001,1.2881538738090965,-53.74500000000001,-0.9222255587490884,55.097500000000004,1.364812979935596,-55.097500000000004,-0.9239896025490525,-0.32750000000000057,-0.0034187588078709802,0.32750000000000234,0.07788347205707548
10.0,wer,8.0,ood,final,5.5885395537525335,94.41146044624746,74.8865111561866,25.1134888438134,40.37,59.63,95.795,4.204999999999999,19.52494929006086,0.26072718555867513,-19.524949290060867,-0.7774686110516562,54.04146044624746,1.338653962007616,-54.04146044624747,-0.9062797324542591,-1.3835395537525415,-0.014442711558562988,1.3835395537525343,0.3290224860291402
10.0,wer,8.0,test-clean,final,4.204999999999999,95.795,40.37,59.63,40.37,59.63,95.795,4.204999999999999,55.425000000000004,1.3729254396829331,-55.425000000000004,-0.9294818044608419,55.425000000000004,1.3729254396829331,-55.425000000000004,-0.9294818044608419,0.0,0.0,0.0,0.0
100.0,wer,-1.0,dev-clean,final,70.465,29.534999999999997,18.74249999999998,81.25750000000002,18.815000000000026,81.18499999999997,29.674999999999983,70.32500000000002,10.792500000000018,0.5758303321328547,-10.792500000000018,-0.13281850906070228,10.71999999999997,0.5697581716715363,-10.71999999999997,-0.13204409681591395,-0.13999999999998636,-0.004717775905644025,0.13999999999998636,0.001990757198720033
100.0,wer,-1.0,ood,final,34.73945233265729,65.2605476673427,64.39492900608509,35.60507099391491,18.815000000000026,81.18499999999997,29.674999999999983,70.32500000000002,0.8656186612576136,0.013442342038700216,-0.8656186612576207,-0.024311667891507908,46.44554766734268,2.468538276233995,-46.44554766734269,-0.5720951859006307,35.58554766734272,1.1991759955296628,-35.58554766734273,-0.5060156084940309
100.0,wer,-1.0,test-clean,final,70.32500000000002,29.674999999999983,18.815000000000026,81.18499999999997,18.815000000000026,81.18499999999997,29.674999999999983,70.32500000000002,10.859999999999957,0.5771990433164997,-10.859999999999957,-0.13376855330418133,10.859999999999957,0.5771990433164997,-10.859999999999957,-0.13376855330418133,0.0,0.0,0.0,0.0
100.0,wer,0.0,dev-clean,final,81.25750000000002,18.74249999999998,18.74249999999998,81.25750000000002,18.815000000000026,81.18499999999997,18.815000000000026,81.18499999999997,0.0,0.0,0.0,0.0,-0.07250000000004775,-0.0038533085304303825,0.07250000000004775,0.0008930221099962773,-0.07250000000004775,-0.0038533085304303825,0.07250000000004775,0.0008930221099962773
100.0,wer,0.0,ood,final,35.60507099391491,64.39492900608509,64.39492900608509,35.60507099391491,18.815000000000026,81.18499999999997,18.815000000000026,81.18499999999997,0.0,0.0,0.0,0.0,45.57992900608507,2.4225314380061125,-45.57992900608507,-0.5614328879236938,45.57992900608507,2.4225314380061125,-45.57992900608507,-0.5614328879236938
100.0,wer,0.0,test-clean,final,81.18499999999997,18.815000000000026,18.815000000000026,81.18499999999997,18.815000000000026,81.18499999999997,18.815000000000026,81.18499999999997,0.0,0.0,0.0,0.0,0.0,0.0,0.0,0.0,0.0,0.0,0.0,0.0
100.0,wer,0.5,dev-clean,final,84.79249999999998,15.207500000000024,18.74249999999998,81.25750000000002,18.815000000000026,81.18499999999997,15.789999999999978,84.21000000000002,-3.534999999999954,-0.1886087768440687,3.534999999999954,0.043503676583699386,-3.6075000000000017,-0.1917353175657718,3.6075000000000017,0.044435548438751034,-0.5824999999999534,-0.036890436985430916,0.5824999999999534,0.006917230732691524
100.0,wer,0.5,ood,final,40.73073022312385,59.26926977687615,64.39492900608509,35.60507099391491,18.815000000000026,81.18499999999997,15.789999999999978,84.21000000000002,-5.125659229208942,-0.07959724947789888,5.125659229208942,0.14395868583115434,40.454269776876124,2.1501073492891876,-40.454269776876124,-0.4982973428204242,43.47926977687617,2.7535952993588495,-43.47926977687617,-0.5163195555976269
100.0,wer,0.5,test-clean,final,84.21000000000002,15.789999999999978,18.815000000000026,81.18499999999997,18.815000000000026,81.18499999999997,15.789999999999978,84.21000000000002,-3.0250000000000483,-0.16077597661440574,3.0250000000000483,0.03726057769292418,-3.0250000000000483,-0.16077597661440574,3.0250000000000483,0.03726057769292418,0.0,0.0,0.0,0.0
100.0,wer,1.0,dev-clean,final,86.14250000000004,13.857499999999959,18.74249999999998,81.25750000000002,18.815000000000026,81.18499999999997,14.200000000000003,85.8,-4.885000000000019,-0.2606375883686821,4.885000000000019,0.06011752761283596,-4.957500000000067,-0.26348657985650065,4.957500000000067,0.06106423600418881,-0.34250000000004377,-0.02411971830986223,0.34250000000004377,0.003991841491842002
100.0,wer,1.0,ood,final,43.3513184584179,56.6486815415821,64.39492900608509,35.60507099391491,18.815000000000026,81.18499999999997,14.200000000000003,85.8,-7.746247464502993,-0.12029281783618397,7.746247464502993,0.2175602308397831,37.833681541582074,2.0108254871954303,-37.833681541582074,-0.4660181257816356,42.4486815415821,2.98934377053395,-42.4486815415821,-0.4947398781070175
100.0,wer,1.0,test-clean,final,85.8,14.200000000000003,18.815000000000026,81.18499999999997,18.815000000000026,81.18499999999997,14.200000000000003,85.8,-4.615000000000023,-0.24528301886792542,4.615000000000023,0.05684547638110519,-4.615000000000023,-0.24528301886792542,4.615000000000023,0.05684547638110519,0.0,0.0,0.0,0.0
100.0,wer,2.0,dev-clean,final,86.71749999999999,13.282500000000013,18.74249999999998,81.25750000000002,18.815000000000026,81.18499999999997,13.802500000000038,86.19749999999996,-5.459999999999965,-0.2913165266106427,5.459999999999965,0.06719379749561534,-5.532500000000013,-0.294047302684029,5.532500000000013,0.06814682515242981,-0.5200000000000244,-0.03767433435971911,0.5200000000000244,0.006032657559674291
100.0,wer,2.0,ood,final,43.25283975659243,56.74716024340757,64.39492900608509,35.60507099391491,18.815000000000026,81.18499999999997,13.802500000000038,86.19749999999996,-7.647768762677522,-0.11876352502779892,7.647768762677522,0.21479436914996086,37.932160243407544,2.016059539910045,-37.932160243407544,-0.4672311417553434,42.94466024340753,3.1113682480280684,-42.94466024340753,-0.49821236397120044
100.0,wer,2.0,test-clean,final,86.19749999999996,13.802500000000038,18.815000000000026,81.18499999999997,18.815000000000026,81.18499999999997,13.802500000000038,86.19749999999996,-5.012499999999989,-0.26640977943130384,5.012499999999989,0.06174170105315009,-5.012499999999989,-0.26640977943130384,5.012499999999989,0.06174170105315009,0.0,0.0,0.0,0.0
100.0,wer,8.0,dev-clean,final,9.3825,90.6175,18.74249999999998,81.25750000000002,18.815000000000026,81.18499999999997,90.87,9.13,71.87500000000003,3.8348672802454375,-71.87500000000003,-0.8845337353475065,71.80249999999998,3.816237044910969,-71.80249999999998,-0.8844306214202131,-0.2524999999999977,-0.0027786948387806504,0.2524999999999995,0.027656078860898083
100.0,wer,8.0,ood,final,7.0023326572007765,92.99766734279922,64.39492900608509,35.60507099391491,18.815000000000026,81.18499999999997,90.87,9.13,28.602738336714125,0.44417687507678233,-28.602738336714133,-0.8033332763639901,74.18266734279919,3.9427407569917134,-74.18266734279919,-0.913748442973446,2.1276673427992137,0.023414408966647007,-2.1276673427992243,-0.23304132998896213
100.0,wer,8.0,test-clean,final,9.13,90.87,18.815000000000026,81.18499999999997,18.815000000000026,81.18499999999997,90.87,9.13,72.05499999999998,3.8296571884134933,-72.05499999999998,-0.887540801872267,72.05499999999998,3.8296571884134933,-72.05499999999998,-0.887540801872267,0.0,0.0,0.0,0.0
